<application>
  <component name="DimensionService">
    <location key="FileChooserDialogImpl.2400.0.2400.1350@120dpi" x="2696" y="445" />
    <location key="WELCOME_SCREEN.2400.0.2400.1350@120dpi" x="2967" y="287" />
    <location key="com.intellij.ide.util.TipDialog.0.0.1920.1080@120dpi" x="666" y="320" />
    <location key="SettingsEditor.2400.0.2400.1350@120dpi" x="2828" y="127" />
    <location key="ProcessPopupWindow.0.0.1920.1080@120dpi" x="70" y="909" />
    <location key="ProcessPopupWindow.2400.0.2400.1350@120dpi" x="2498" y="1095" />
    <location key="CommitChangelistDialog2.2400.0.2400.1350@120dpi" x="2789" y="167" />
    <location key="Vcs.Push.Dialog.2400.0.2400.1350@120dpi" x="3362" y="340" />
    <location key="#com.intellij.execution.impl.EditConfigurationsDialog.2400.0.2400.1350@120dpi" x="3092" y="314" />
    <location key="EditParametersPopupWindow.2400.0.2400.1350@120dpi" x="3417" y="498" />
    <location key="RollbackChangesDialog.2400.0.2400.1350@120dpi" x="3360" y="313" />
    <location key="DiffContextDialog.2400.0.2400.1350@120dpi" x="2862" y="234" />
    <location key="#com.intellij.codeInsight.editorActions.RestoreReferencesDialog.2400.0.2400.1350@120dpi" x="3306" y="364" />
    <location key="findTextDialog.2400.0.2400.1350@120dpi" x="3336" y="325" />
    <location key="#com.intellij.ide.util.MemberChooser.2400.0.2400.1350@120dpi" x="3399" y="315" />
    <location key="CommitChangelistDialog2.0.0.1920.1080@120dpi" x="270" y="21" />
    <location key="WELCOME_SCREEN.0.0.1920.1080@120dpi" x="1115" y="287" />
    <location key="FileChooserDialogImpl.0.0.1920.1080@120dpi" x="689" y="210" />
    <location key="#com.intellij.ide.ui.customization.CustomizableActionsPanel.FindAvailableActionsDialog.2400.0.2400.1350@120dpi" x="3444" y="391" />
    <location key="#Menus_and_Toolbars.2400.0.2400.1350@120dpi" x="3384" y="406" />
    <size key="ProcessPopupWindow.0.0.1920.1080@120dpi" width="1850" height="140" />
    <size key="ProcessPopupWindow.2400.0.2400.1350@120dpi" width="1850" height="140" />
    <size key="GridCell.Tab.0.left.2400.0.2400.1350@120dpi" width="2247" height="331" />
    <size key="GridCell.Tab.0.center.2400.0.2400.1350@120dpi" width="2247" height="331" />
    <size key="GridCell.Tab.0.right.2400.0.2400.1350@120dpi" width="2247" height="331" />
    <size key="GridCell.Tab.0.bottom.2400.0.2400.1350@120dpi" width="2247" height="331" />
    <size key="javadoc.popup.2400.0.2400.1350@120dpi" width="557" height="209" />
    <size key="GridCell.Tab.0.left.0.0.1920.1080@120dpi" width="1864" height="314" />
    <size key="GridCell.Tab.0.center.0.0.1920.1080@120dpi" width="1864" height="314" />
    <size key="GridCell.Tab.0.right.0.0.1920.1080@120dpi" width="1864" height="314" />
    <size key="GridCell.Tab.0.bottom.0.0.1920.1080@120dpi" width="1864" height="314" />
    <size key="CommitChangelistDialog2.2400.0.2400.1350@120dpi" width="1825" height="945" />
    <size key="GridCell.Tab.1.left.2400.0.2400.1350@120dpi" width="2247" height="331" />
    <size key="GridCell.Tab.1.center.2400.0.2400.1350@120dpi" width="2247" height="331" />
    <size key="GridCell.Tab.1.right.2400.0.2400.1350@120dpi" width="2247" height="331" />
    <size key="GridCell.Tab.1.bottom.2400.0.2400.1350@120dpi" width="2247" height="331" />
    <size key="CommitChangelistDialog2.0.0.1920.1080@120dpi" width="1469" height="945" />
  </component>
</application>