<application>
  <component name="FeatureUsageStatistics" first-run="1600165782535" have-been-shown="false" show-in-other="true" show-in-compilation="true">
    <feature id="editing.completion.smarttype.afternew" count="0" last-shown="0" last-used="0" shown-count="0" />
    <feature id="editing.completion.camelHumps" count="0" last-shown="0" last-used="0" shown-count="0" />
    <feature id="editing.completion.second.smarttype.aslist" count="0" last-shown="0" last-used="0" shown-count="0" />
    <feature id="codeassists.surroundwith.statement" count="0" last-shown="0" last-used="0" shown-count="0" />
    <feature id="refactoring.rename" count="1" last-shown="0" last-used="1655024396220" shown-count="0" />
    <feature id="navigation.popup.action" count="0" last-shown="0" last-used="0" shown-count="0" />
    <feature id="editing.completion.cancelByControlArrows" count="0" last-shown="0" last-used="0" shown-count="0" />
    <feature id="editing.completion.finishBySmartEnter" count="0" last-shown="0" last-used="0" shown-count="0" />
    <feature id="navigation.popup.symbol" count="0" last-shown="0" last-used="0" shown-count="0" />
    <feature id="find.recent.search" count="0" last-shown="0" last-used="0" shown-count="0" />
    <feature id="editing.completion.replace" count="0" last-shown="0" last-used="0" shown-count="0" />
    <feature id="switcher" count="0" last-shown="0" last-used="0" shown-count="0" />
    <feature id="codeassists.complete.statement" count="0" last-shown="0" last-used="0" shown-count="0" />
    <feature id="navigation.goto.inspection" count="0" last-shown="0" last-used="0" shown-count="0" />
    <feature id="editing.completion.variable.name" count="49" last-shown="0" last-used="1619171907435" shown-count="0" />
    <feature id="navigation.popup.file" count="0" last-shown="0" last-used="0" shown-count="0" />
    <feature id="codeassists.overrideimplement" count="0" last-shown="0" last-used="0" shown-count="0" />
    <feature id="editing.completion.smarttype.casting" count="0" last-shown="0" last-used="0" shown-count="0" />
    <feature id="navigation.popup.wildcards" count="0" last-shown="0" last-used="0" shown-count="0" />
    <feature id="refactoring.introduceVariable" count="0" last-shown="0" last-used="0" shown-count="0" />
    <feature id="codeassists.javadoc.external" count="0" last-shown="0" last-used="0" shown-count="0" />
    <feature id="codeassists.surroundwith.expression" count="0" last-shown="0" last-used="0" shown-count="0" />
    <feature id="navigation.recent.files" count="0" last-shown="0" last-used="0" shown-count="0" />
    <feature id="navigation.goto.declaration" count="124" last-shown="0" last-used="1619680986680" shown-count="0" />
    <feature id="scratch" count="0" last-shown="0" last-used="0" shown-count="0" />
    <feature id="editing.completion.finishByDotEtc" count="0" last-shown="0" last-used="0" shown-count="0" />
    <feature id="navigation.goto.implementation" count="0" last-shown="0" last-used="0" shown-count="0" />
    <feature id="refactoring.move.moveInner" count="0" last-shown="0" last-used="0" shown-count="0" />
    <feature id="editing.completion.finishByCtrlDot" count="0" last-shown="0" last-used="0" shown-count="0" />
    <feature id="navigation.select.in" count="0" last-shown="0" last-used="0" shown-count="0" />
    <feature id="editing.completion.global.member.name" count="0" last-shown="0" last-used="0" shown-count="0" />
    <feature id="editing.completion.finishByExclamation" count="0" last-shown="0" last-used="0" shown-count="0" />
    <feature id="ui.tree.speedsearch" count="1" last-shown="0" last-used="1655022868862" shown-count="0" />
    <feature id="ui.horizontal.scrolling" count="0" last-shown="0" last-used="0" shown-count="0" />
    <feature id="refactoring.copyClass" count="4" last-shown="0" last-used="1655024386432" shown-count="0" />
    <feature id="move.element.left.right" count="0" last-shown="0" last-used="0" shown-count="0" />
    <feature id="jar.diff" count="0" last-shown="0" last-used="0" shown-count="0" />
    <feature id="codeassists.comment.line" count="57" last-shown="0" last-used="1655024317494" shown-count="0" />
    <feature id="codeassists.highlight.return" count="0" last-shown="0" last-used="0" shown-count="0" />
    <feature id="editing.completion.second.smarttype.chain" count="0" last-shown="0" last-used="0" shown-count="0" />
    <feature id="ant.quickfix.CreateProperty" count="0" last-shown="0" last-used="0" shown-count="0" />
    <feature id="editing.completion.second.smarttype.toar" count="0" last-shown="0" last-used="0" shown-count="0" />
    <feature id="navigation.popup.camelprefix" count="0" last-shown="0" last-used="0" shown-count="0" />
    <feature id="SearchEverywhere" count="1" last-shown="0" last-used="1618318313807" shown-count="0" />
    <feature id="navigation.popup.class" count="0" last-shown="0" last-used="0" shown-count="0" />
    <feature id="codeassists.highlight.throws" count="1" last-shown="0" last-used="1619168155846" shown-count="0" />
    <feature id="codeassists.quickdefinition" count="0" last-shown="0" last-used="0" shown-count="0" />
    <feature id="find.completion" count="0" last-shown="0" last-used="0" shown-count="0" />
    <feature id="editing.completion.basic" count="93" last-shown="0" last-used="1655024459303" shown-count="0" />
    <feature id="tag.name.completion" count="0" last-shown="0" last-used="0" shown-count="0" />
    <feature id="editing.completion.second.smarttype.array.member" count="0" last-shown="0" last-used="0" shown-count="0" />
    <feature id="editing.completion.postfix" count="0" last-shown="0" last-used="0" shown-count="0" />
    <feature id="refactoring.introduceVariable.incompleteStatement" count="0" last-shown="0" last-used="0" shown-count="0" />
    <feature id="dir.diff" count="0" last-shown="0" last-used="0" shown-count="0" />
    <feature id="editing.select.word" count="361" last-shown="0" last-used="1655023833271" shown-count="0" />
    <feature id="editing.add.carets.using.double.ctrl" count="0" last-shown="0" last-used="0" shown-count="0" />
    <feature id="codeassists.quickjavadoc.lookup" count="0" last-shown="0" last-used="0" shown-count="0" />
    <feature id="ui.scheme.quickswitch" count="0" last-shown="0" last-used="0" shown-count="0" />
    <feature id="codeassists.highlight.implements" count="0" last-shown="0" last-used="0" shown-count="0" />
    <feature id="editing.completion.smarttype.general" count="0" last-shown="1655024458306" last-used="0" shown-count="54" />
    <feature id="navigation.popup.file.structure" count="0" last-shown="0" last-used="0" shown-count="0" />
    <feature id="ant.quickfix.CreateTarget" count="0" last-shown="0" last-used="0" shown-count="0" />
    <feature id="codeassists.quickjavadoc.ctrln" count="1" last-shown="0" last-used="1618309125185" shown-count="0" />
    <feature id="navigation.goto.usages" count="0" last-shown="0" last-used="0" shown-count="0" />
    <feature id="codeassists.comment.block" count="45" last-shown="0" last-used="1619351703534" shown-count="0" />
    <feature id="codeassists.quickjavadoc" count="0" last-shown="0" last-used="0" shown-count="0" />
    <feature id="ui.recentchanges" count="0" last-shown="0" last-used="0" shown-count="0" />
    <feature id="editing.completion.second.basic" count="0" last-shown="0" last-used="0" shown-count="0" />
    <feature id="editing.completion.changeSorting" count="0" last-shown="0" last-used="0" shown-count="0" />
    <feature id="codeassists.quickdefinition.lookup" count="0" last-shown="0" last-used="0" shown-count="0" />
    <completionStatsTag>
      <option name="sparedCharacters" value="795" />
      <option name="invocations" value="63" />
      <option name="startDate" value="1618243200000" />
      <option name="dayCount" value="5" />
      <option name="lastDate" value="1654963200000" />
    </completionStatsTag>
    <fixesStatsTag>
      <option name="invocations" value="11" />
      <option name="startDate" value="1618243200000" />
      <option name="dayCount" value="3" />
      <option name="lastDate" value="1654963200000" />
    </fixesStatsTag>
  </component>
</application>