<application>
  <component name="PropertiesComponent">
    <property name="Default.savedEditorTheme" value="_@user_Default" />
    <property name="installed.kotlin.plugin.version" value="1.0.5-release-IJ2016.3-1" />
    <property name="android-component-compatibility-check" value="1654852087000" />
    <property name="file.chooser.recent.files" value="D:/UserData/Desktop/=repos/_ee/dvp-ci-mgr&#10;D:/UserData/Desktop/=repos/_ee/vpc&#10;D:/UserData/Desktop/=repos/_ee/diy_java_tech&#10;D:/Development/ws/_WORK/gitee.com/g-java/diy_java_tech/pom.xml&#10;D:/UserData/Desktop/versionPlat/_ref/LiveAppServer&#10;D:/UserData/Desktop/versionPlat/pciversion&#10;D:/Development/ws/_WORK/gitee.com/g-java/diy_java_tech&#10;D:/Development/Tools/jdk8u232-b09&#10;D:/Development/Tools/apache-maven-3.2.2/conf/settings.xml&#10;D:/UserData/Desktop/REPO/DEV/jetlinks-community" />
    <property name="toolwindow.stripes.buttons.info.shown" value="true" />
    <property name="lastTip" value="1" />
    <property name="selected.color.option.type" value="DEFAULT_KEYWORD" />
    <property name="decompiler.legal.notice.accepted" value="true" />
    <property name="CommitChangeListDialog.DETAILS_SPLITTER_PROPORTION_2" value="0.68813133" />
    <property name="ExpandBeforeRunStepsPanel" value="true" />
    <property name="Copy.OpenInEditor" value="true" />
    <property name="dir.diff.panel.divider.location" value="190" />
    <property name="JUnitSupport.hidePassedTests" value="false" />
    <property name="MemberChooser.showClasses" value="true" />
    <property name="MemberChooser.copyJavadoc" value="false" />
    <property name="CommitChangeListDialog.SPLITTER_PROPORTION_2" value="0.6609589" />
  </component>
</application>