<application>
  <component name="RecentProjectsManager">
    <option name="recentPaths">
      <list>
        <option value="D:\UserData\Desktop\=repos\_ee\dvp-ci-mgr" />
        <option value="D:\UserData\Desktop\=repos\_ee\vpc" />
        <option value="D:\UserData\Desktop\=repos\_ee\diy_java_tech" />
        <option value="D:\UserData\Desktop\REPO\DEV\jetlinks-community" />
        <option value="D:\Development\ws\_WORK\gitee.com\g-java\diy_java_tech" />
        <option value="D:\UserData\Desktop\versionPlat\_ref\LiveAppServer" />
      </list>
    </option>
    <option name="openPaths">
      <list>
        <option value="D:\UserData\Desktop\=repos\_ee\diy_java_tech" />
        <option value="D:\UserData\Desktop\=repos\_ee\dvp-ci-mgr" />
      </list>
    </option>
    <option name="lastPath" value="D:\UserData\Desktop\=repos\_ee\dvp-ci-mgr" />
    <option name="additionalInfo">
      <map>
        <entry key="D:\Development\ws\_WORK\gitee.com\g-java\diy_java_tech">
          <value>
            <RecentProjectMetaInfo>
              <option name="build" value="IC-163.15529.5" />
              <option name="productionCode" value="IC" />
              <option name="binFolder" value="D:\Development\Soft\idea-2016.3.7\bin" />
              <option name="projectOpenTimestamp" value="1655022382579" />
              <option name="buildTimestamp" value="1495126455157" />
            </RecentProjectMetaInfo>
          </value>
        </entry>
        <entry key="D:\UserData\Desktop\=repos\_ee\diy_java_tech">
          <value>
            <RecentProjectMetaInfo>
              <option name="build" value="IC-163.15529.5" />
              <option name="productionCode" value="IC" />
              <option name="binFolder" value="D:\Development\Soft\idea-2016.3.7\bin" />
              <option name="projectOpenTimestamp" value="1655022642011" />
              <option name="buildTimestamp" value="1495126455157" />
            </RecentProjectMetaInfo>
          </value>
        </entry>
        <entry key="D:\UserData\Desktop\=repos\_ee\dvp-ci-mgr">
          <value>
            <RecentProjectMetaInfo>
              <option name="build" value="IC-163.15529.5" />
              <option name="productionCode" value="IC" />
              <option name="binFolder" value="D:\Development\Soft\idea-2016.3.7\bin" />
              <option name="projectOpenTimestamp" value="1655024814886" />
              <option name="buildTimestamp" value="1495126455157" />
            </RecentProjectMetaInfo>
          </value>
        </entry>
        <entry key="D:\UserData\Desktop\=repos\_ee\vpc">
          <value>
            <RecentProjectMetaInfo>
              <option name="build" value="IC-163.15529.5" />
              <option name="productionCode" value="IC" />
              <option name="binFolder" value="D:\Development\Soft\idea-2016.3.7\bin" />
              <option name="projectOpenTimestamp" value="1655023618670" />
              <option name="buildTimestamp" value="1495126455157" />
            </RecentProjectMetaInfo>
          </value>
        </entry>
        <entry key="D:\UserData\Desktop\REPO\DEV\jetlinks-community">
          <value>
            <RecentProjectMetaInfo>
              <option name="build" value="IC-163.15529.5" />
              <option name="productionCode" value="IC" />
              <option name="binFolder" value="D:\Development\Soft\idea-2016.3.7\bin" />
              <option name="projectOpenTimestamp" value="1655022445058" />
              <option name="buildTimestamp" value="1495126455157" />
            </RecentProjectMetaInfo>
          </value>
        </entry>
        <entry key="D:\UserData\Desktop\versionPlat\_ref\LiveAppServer">
          <value>
            <RecentProjectMetaInfo>
              <option name="build" value="IC-163.15529.5" />
              <option name="productionCode" value="IC" />
              <option name="binFolder" value="D:\Development\Soft\idea-2016.3.7\bin" />
              <option name="projectOpenTimestamp" value="1619493323907" />
              <option name="buildTimestamp" value="1495126493148" />
            </RecentProjectMetaInfo>
          </value>
        </entry>
        <entry key="D:\UserData\Desktop\versionPlat\pciversion">
          <value>
            <RecentProjectMetaInfo>
              <option name="build" value="IC-163.15529.5" />
              <option name="productionCode" value="IC" />
              <option name="binFolder" value="D:\Development\Soft\idea-2016.3.7\bin" />
              <option name="projectOpenTimestamp" value="1620353757456" />
              <option name="buildTimestamp" value="1495126474335" />
            </RecentProjectMetaInfo>
          </value>
        </entry>
      </map>
    </option>
    <option name="lastProjectLocation" value="D:/UserData/Desktop/=repos/_ee" />
  </component>
</application>