<application>
  <component name="UsageTrigger">
    <counts>
      <entry feature="CreateFile.CreateFileAction" count="1" />
      <entry feature="StripeButton[Version Control].shown" count="4" />
      <entry feature="diff.DirDiffTableModel" count="15" />
      <entry feature="diff.DirDiffViewer" count="15" />
      <entry feature="execute.Application.Debug" count="33" />
      <entry feature="execute.Application.Run" count="77" />
      <entry feature="execute.JUnit.Run" count="4" />
      <entry feature="ide.settings.Font" count="2" />
      <entry feature="ide.settings.Keymap" count="1" />
      <entry feature="ide.settings.Maven" count="3" />
      <entry feature="ide.settings.Menus_and_Toolbars" count="1" />
      <entry feature="ideaapp.started" count="20" />
      <entry feature="terminal.win" count="10" />
      <entry feature="welcome.screen.WelcomeScreen.OpenProject" count="1" />
    </counts>
  </component>
</application>