<application>
  <component name="FileBasedIndex">
    <option name="registeredIndices">
      <list>
        <option value="jvm.static.member.type" />
        <option value="jvm.static.member.name" />
        <option value="java.method.name" />
        <option value="java.field.name" />
        <option value="java.class.extlist" />
        <option value="java.annotations" />
        <option value="org.jetbrains.kotlin.idea.stubindex.KotlinScriptFqnIndex" />
        <option value="org.jetbrains.kotlin.idea.stubindex.KotlinMultifileClassPartIndex" />
        <option value="org.jetbrains.kotlin.idea.stubindex.KotlinFileFacadeShortNameIndex" />
        <option value="org.jetbrains.kotlin.idea.stubindex.KotlinFileFacadeClassByPackageIndex" />
        <option value="org.jetbrains.kotlin.idea.stubindex.KotlinFilePartClassIndex" />
        <option value="org.jetbrains.kotlin.idea.stubindex.KotlinFileFacadeFqNameIndex" />
        <option value="org.jetbrains.kotlin.idea.stubindex.KotlinProbablyNothingPropertyShortNameIndex" />
        <option value="org.jetbrains.kotlin.idea.stubindex.KotlinProbablyNothingFunctionShortNameIndex" />
        <option value="org.jetbrains.kotlin.idea.stubindex.KotlinAnnotationsIndex" />
        <option value="org.jetbrains.kotlin.idea.stubindex.KotlinTopLevelExtensionsByReceiverTypeIndex" />
        <option value="org.jetbrains.kotlin.idea.stubindex.KotlinTopLevelPropertyFqnNameIndex" />
        <option value="org.jetbrains.kotlin.idea.stubindex.KotlinTopLevelFunctionFqnNameIndex" />
        <option value="org.jetbrains.kotlin.idea.stubindex.KotlinSuperClassIndex" />
        <option value="org.jetbrains.kotlin.idea.stubindex.KotlinFunctionShortNameIndex" />
        <option value="org.jetbrains.kotlin.idea.stubindex.KotlinPropertyShortNameIndex" />
        <option value="org.jetbrains.kotlin.idea.stubindex.KotlinFullClassNameIndex" />
        <option value="org.jetbrains.kotlin.idea.stubindex.KotlinClassShortNameIndex" />
        <option value="org.jetbrains.kotlin.idea.stubindex.KotlinTopLevelPropertyByPackageIndex" />
        <option value="org.jetbrains.kotlin.idea.stubindex.KotlinTopLevelFunctionByPackageIndex" />
        <option value="org.jetbrains.kotlin.idea.stubindex.KotlinTopLevelClassByPackageIndex" />
        <option value="org.jetbrains.kotlin.idea.stubindex.KotlinExactPackagesIndex" />
        <option value="gr.anonymous.class" />
        <option value="gr.class.super" />
        <option value="gr.script.class" />
        <option value="gr.annot.members" />
        <option value="gr.annot.method.name" />
        <option value="gr.method.name" />
        <option value="gr.field.name" />
        <option value="gr.script.fqn" />
        <option value="gr.class.fqn" />
        <option value="properties.index" />
        <option value="dom.elementClass" />
        <option value="dom.namespaceKey" />
        <option value="java.module.name" />
        <option value="java.class.fqn" />
        <option value="java.class.shortname" />
        <option value="java.method.parameter.types" />
        <option value="java.anonymous.baseref" />
      </list>
    </option>
  </component>
</application>